iter	MultiClass
0	1.551417875
1	1.507725196
2	1.46319257433	1.42967374
4	1.407606533
5	1.381368109
6	6	0.9697995414
7	0.9589388669
8	0.942530817399	0.9298767116110	0.9184849362111	0.9053251158
12	0.8955182608
13	0.8845257818
14	0.8756074746
15	0.8615184656
16	0.849405056
17	0.8423475987
18	0.8356909054219	0.825148681220	0.820	0.68322	1.13221	0.6723	22	0.22	0.6688523	0.7896266591
24	0.7832053339
25	0.7793027	1.026	0.772528	1.0527	0.27	0.62095728	0.759601468
29	29	0.7424424930	0.7485256364
31	0.7449304705
32	0.7403631353
33	33	0.71322334	0.34	0.7074628689
1
05844444

38	38	0.949511832
2
37	0.6926986288
5342
2455
41	1.05998480442	1.09066441
1
010149438
0636125
42	0.642	0.5493943	0.643	0.5330344	0.6798348576
45	0.45	0.5121680932
6672334153
47	0.6634959373
